INSERT INTO authority (auth_no, auth_name) VALUES
(1, '훈련사'),
(2, '회원');


INSERT INTO account (account_no, auth_no, account_id, account_pw, account_name, account_avail) VALUES
(1, 1, 'account1', 'password123', '류민석', 'Y'),
(2, 1, 'account2', 'password123', '구예원', 'Y'),
(3, 2, 'account3', 'password123', '윤경수', 'Y'),
(4, 2, 'account4', 'password123', '이주은', 'Y'),
(5, 1, 'account5', 'password123', '박진수', 'Y'),
(6, 2, 'account6', 'password123', '장현우', 'Y'),
(7, 1, 'account7', 'password123', '최연우', 'Y'),
(8, 1, 'account8', 'password123', '서유리', 'Y'),
(9, 2, 'account9', 'password123', '김선호', 'Y'),
(10, 1, 'account10', 'password123', '이지은', 'Y');


INSERT INTO account_info (info_no, account_no, reg_date, account_gender, bir_date, phone, email, post_num, address, address_detail) VALUES
(1, 1, '2022-12-08 00:36:49', 'M', '011024', '010-3812-8612', 'gimjihyeon@daum.net', '06884', '대구광역시', '(준호윤박리)'),
(2, 2, '2023-01-10 15:21:30', 'F', '990213', '010-2245-9834', 'lim@naver.com', '04521', '부산광역시', '(소영도남구)'),
(3, 3, '2023-05-12 08:47:52', 'M', '880503', '010-1134-1123', 'jjang@gmail.com', '03111', '서울특별시', '(강남구역삼)'),
(4, 4, '2022-06-01 12:45:22', 'F', '961210', '010-8382-2232', 'sky123@naver.com', '12234', '광주광역시', '(남구양림동)'),
(5, 5, '2024-02-18 19:32:12', 'M', '920309', '010-8883-9182', 'cloud@hanmail.net', '06244', '울산광역시', '(북구화봉로)'),
(6, 6, '2021-11-29 10:12:45', 'F', '980725', '010-1234-5678', 'song@kakao.com', '08874', '서울특별시', '(서초구방배)'),
(7, 7, '2023-07-01 18:13:57', 'M', '000101', '010-5678-1234', 'light@google.com', '07852', '인천광역시', '(연수구송도)'),
(8, 8, '2023-09-15 22:47:10', 'F', '960611', '010-2121-3434', 'moon@outlook.com', '04587', '서울특별시', '(중구을지로)'),
(9, 9, '2023-03-10 11:56:30', 'M', '930914', '010-9898-8787', 'topstar@naver.com', '05443', '대전광역시', '(중구대흥동)'),
(10, 10, '2022-08-20 14:20:00', 'F', '901030', '010-1111-2222', 'hello@korea.com', '03344', '강원도춘천시', '(소양로2가)');


INSERT INTO pet (pet_no, account_no, pet_name, pet_gender, pet_age, pet_breed) VALUES
(1, 1, '멍멍이1', 'M', 3, '치와와'),
(2, 2, '멍멍이2', 'F', 5, '말티즈'),
(3, 3, '멍멍이3', 'M', 6, '푸들'),
(4, 4, '멍멍이4', 'F', 2, '포메라니안'),
(5, 5, '멍멍이5', 'M', 4, '시바견'),
(6, 6, '멍멍이6', 'F', 1, '치와와'),
(7, 7, '멍멍이7', 'M', 7, '말티즈'),
(8, 8, '멍멍이8', 'F', 3, '푸들'),
(9, 9, '멍멍이9', 'M', 5, '포메라니안'),
(10, 10, '멍멍이10', 'F', 2, '시바견');


INSERT INTO course (course_no, account_no, title, sub_title, object, total_step, capacity, thumb) VALUES
(1, 2, '기본훈련1', '초급과정1', '반려견의 사회성 향상과 기본 훈련을 목표로 합니다.', 3, 13, NULL),
(2, 4, '기본훈련2', '초급과정2', '반려견의 사회성 향상과 기본 훈련을 목표로 합니다.', 4, 9, NULL),
(3, 2, '기본훈련3', '초급과정3', '반려견의 사회성 향상과 기본 훈련을 목표로 합니다.', 7, 7, NULL),
(4, 10, '기본훈련4', '초급과정4', '반려견의 사회성 향상과 기본 훈련을 목표로 합니다.', 6, 6, NULL),
(5, 1, '기본훈련5', '초급과정5', '반려견의 사회성 향상과 기본 훈련을 목표로 합니다.', 3, 11, NULL),
(6, 4, '기본훈련6', '초급과정6', '반려견의 사회성 향상과 기본 훈련을 목표로 합니다.', 7, 5, NULL),
(7, 9, '기본훈련7', '초급과정7', '반려견의 사회성 향상과 기본 훈련을 목표로 합니다.', 4, 18, NULL),
(8, 4, '기본훈련8', '초급과정8', '반려견의 사회성 향상과 기본 훈련을 목표로 합니다.', 6, 13, NULL),
(9, 1, '기본훈련9', '초급과정9', '반려견의 사회성 향상과 기본 훈련을 목표로 합니다.', 4, 18, NULL),
(10, 6, '기본훈련10', '초급과정10', '반려견의 사회성 향상과 기본 훈련을 목표로 합니다.', 5, 9, NULL);


INSERT INTO class (class_no, course_no, pet_no, class_prog) VALUES
(1, 1, 4, 97),
(2, 2, 6, 13),
(3, 3, 2, 48),
(4, 4, 2, 45),
(5, 5, 6, 77),
(6, 6, 5, 5),
(7, 7, 8, 68),
(8, 8, 2, 48),
(9, 9, 2, 70),
(10, 10, 5, 80);


INSERT INTO schedule (sched_no, class_no, sched_step, sched_date, sched_start, sched_end, sched_attend) VALUES
(1, 1, 5, '2024-07-02', '2024-07-02 10:00:00', '2024-07-02 11:00:00', 'N'),
(2, 2, 5, '2024-07-03', '2024-07-03 10:00:00', '2024-07-03 11:00:00', 'Y'),
(3, 3, 1, '2024-07-04', '2024-07-04 10:00:00', '2024-07-04 11:00:00', 'Y'),
(4, 4, 2, '2024-07-05', '2024-07-05 10:00:00', '2024-07-05 11:00:00', 'N'),
(5, 5, 1, '2024-07-06', '2024-07-06 10:00:00', '2024-07-06 11:00:00', 'Y'),
(6, 6, 1, '2024-07-07', '2024-07-07 10:00:00', '2024-07-07 11:00:00', 'N'),
(7, 7, 3, '2024-07-08', '2024-07-08 10:00:00', '2024-07-08 11:00:00', 'N'),
(8, 8, 3, '2024-07-09', '2024-07-09 10:00:00', '2024-07-09 11:00:00', 'Y'),
(9, 9, 3, '2024-07-10', '2024-07-10 10:00:00', '2024-07-10 11:00:00', 'N'),
(10, 10, 2, '2024-07-11', '2024-07-11 10:00:00', '2024-07-11 11:00:00', 'N');


INSERT INTO `review` (`class_no`, `review_title`, `account_id`, `review_content`)
VALUES
(1, '너무 유익한 수업이었어요!', 'account1', '처음 배우는 내용이었지만 강사님 설명이 친절해서 잘 이해할 수 있었습니다.'),
(2, '좋았어요', 'account2', '실습 위주로 수업이 진행되어서 지루하지 않았어요.'),
(3, '약간 어려웠지만 괜찮았어요', 'account3', '내용이 많아서 따라가기 조금 힘들었지만, 복습 자료가 잘 되어 있어 좋았어요.'),
(1, '강의 자료가 훌륭합니다', 'account4', '자료가 잘 정리되어 있고 복습할 때도 유용했습니다.'),
(4, '추천합니다!', 'account5', '개념 설명도 좋고 예제도 다양해서 많은 도움이 되었어요.'),
(5, '시간 가는 줄 몰랐어요', 'account1', '몰입감 있게 들을 수 있었고, 질문도 잘 받아주셔서 만족스러웠습니다.'),
(2, '조금 아쉬웠어요', 'account2', '진행 속도가 빨라서 기초가 부족한 사람에겐 어려울 수 있어요.'),
(3, '완전 강추합니다', 'account3', '학원 다니는 것보다 이 강의가 더 실속 있었어요!'),
(5, '평균 이상입니다', 'account4', '기대했던 만큼은 아니었지만 기본은 잘 가르쳐주십니다.'),
(4, '실습이 많아서 좋았어요', 'account5', '이론만 듣는 게 아니라 직접 해볼 수 있어서 더 잘 이해됐어요.');
